Date,Cloud Agent ID,Automation ID,Kind,Model,Max Mode,Input (w/ Cache Write),Input (w/o Cache Write),Cache Read,Output Tokens,Total Tokens,Cost
2026-07-08T07:51:46.805Z,,,Included,auto,No,0,10330,77024,499,87853,Included
2026-07-08T07:50:38.633Z,,,Included,auto,No,0,99225,230560,3527,333312,Included
2026-07-07T11:50:07.907Z,,,Included,auto,No,0,2516,204384,622,207522,Included
2026-07-07T11:48:35.374Z,,,Included,auto,No,0,3863,184576,3746,192185,Included
2026-07-07T11:43:43.633Z,,,Included,auto,No,0,7058,110784,2022,119864,Included
2026-07-07T11:42:32.659Z,,,Included,auto,No,0,733,33472,1698,35903,Included
2026-07-07T11:41:40.545Z,,,Included,auto,No,0,1882,63264,1125,66271,Included
2026-07-07T11:40:50.083Z,,,Included,auto,No,0,263,30592,919,31774,Included
2026-07-07T11:40:02.438Z,,,Included,auto,No,0,21030,9536,180,30746,Included
2026-07-07T11:38:44.688Z,,,"Errored, No Charge",auto,No,,,,,,Free
2026-07-07T11:37:31.213Z,,,Included,auto,No,0,7489,141102,2420,151011,Included
2026-07-07T11:35:27.498Z,,,Included,auto,No,0,32978,75064,2151,110193,Included
2026-07-07T09:58:28.125Z,,,Included,auto,No,0,46567,443520,2888,492975,Included
2026-07-07T09:42:04.396Z,,,Included,auto,No,0,2255,216800,485,219540,Included
2026-07-07T09:39:23.615Z,,,Included,auto,No,0,2650,206880,1205,210735,Included
2026-07-07T09:36:24.487Z,,,Included,auto,No,0,3832,292864,1495,298191,Included
2026-07-07T09:35:35.553Z,,,Included,auto,No,0,5840,173248,4036,183124,Included
2026-07-07T09:26:26.841Z,,,Included,auto,No,0,559,81440,480,82479,Included
2026-07-07T09:26:02.556Z,,,Included,auto,No,0,2535,76448,724,79707,Included
2026-07-07T09:23:04.397Z,,,Included,auto,No,0,11037,153408,4419,168864,Included
2026-07-07T09:17:36.667Z,,,Included,auto,No,0,17740,126912,2230,146882,Included
2026-07-07T09:16:44.175Z,,,Included,auto,No,0,6021,288916,3063,298000,Included
2026-07-07T09:14:27.872Z,,,Included,auto,No,0,7683,355210,3524,366417,Included
2026-07-07T09:09:02.285Z,,,Included,auto,No,0,14989,449099,6534,470622,Included
2026-07-07T09:07:05.028Z,,,Included,auto,No,0,2359,93713,442,96514,Included
2026-07-07T09:06:30.192Z,,,Included,auto,No,0,20387,106119,1539,128045,Included
2026-07-07T08:45:30.339Z,,,Included,auto,No,0,70231,222240,3013,295484,Included
2026-07-07T08:40:02.656Z,,,Included,auto,No,0,81808,276788,528,359124,Included
2026-07-07T08:25:21.934Z,,,Included,auto,No,0,12397,29054,521,41972,Included
2026-07-07T08:21:04.061Z,,,Included,auto,No,0,1594,250341,973,252908,Included
2026-07-07T08:20:40.501Z,,,Included,auto,No,0,869,166256,503,167628,Included
2026-07-07T08:19:19.550Z,,,Included,auto,No,0,2585,325725,1400,329710,Included
2026-07-07T08:17:34.468Z,,,Included,auto,No,0,4668,388229,2731,395628,Included
2026-07-07T08:15:56.718Z,,,Included,auto,No,0,6755,503662,2942,513359,Included
2026-07-07T08:15:19.791Z,,,Included,auto,No,0,3472,207390,440,211302,Included
2026-07-07T08:13:09.681Z,,,Included,auto,No,0,65650,200020,3302,268972,Included
2026-07-07T08:11:18.557Z,,,Included,auto,No,0,12268,335679,4407,352354,Included
2026-07-07T08:06:56.394Z,,,Included,auto,No,0,4227,190126,1481,195834,Included
2026-07-07T08:03:41.916Z,,,Included,auto,No,0,1550,224632,645,226827,Included
2026-07-07T08:00:52.248Z,,,Included,auto,No,0,36496,258088,9361,303945,Included
2026-07-06T20:59:23.794Z,,,Included,composer-2.5-fast,No,0,21173,59794,386,81353,Included
2026-07-06T20:53:15.595Z,,,Included,composer-2.5-fast,No,0,2310,116384,1598,120292,Included
2026-07-06T20:51:52.726Z,,,Included,composer-2.5-fast,No,0,15326,49920,321,65567,Included
2026-07-06T20:51:33.774Z,,,"Errored, No Charge",composer-2.5-fast,No,,,,,,Free
2026-07-06T20:51:15.002Z,,,Included,composer-2.5-fast,No,0,14647,6880,245,21772,Included
2026-07-06T20:50:47.372Z,,,Included,composer-2.5-fast,No,0,11213,9216,296,20725,Included
2026-07-06T20:50:35.955Z,,,"Errored, No Charge",auto,No,,,,,,Free
2026-07-06T20:50:29.370Z,,,"Errored, No Charge",auto,No,,,,,,Free
2026-07-06T20:50:27.058Z,,,"Errored, No Charge",auto,No,,,,,,Free
2026-07-06T20:47:53.867Z,,,Included,auto,No,0,11070,27941,460,39471,Included
2026-07-06T20:46:33.129Z,,,Included,auto,No,0,19938,155634,375,175947,Included
2026-07-06T20:41:09.178Z,,,Included,auto,No,0,45708,245393,4123,295224,Included
2026-07-06T20:40:06.300Z,,,Included,auto,No,0,30084,126464,836,157384,Included
2026-07-06T20:39:57.050Z,,,"Errored, No Charge",auto,No,,,,,,Free
2026-07-06T20:39:19.768Z,,,Included,auto,No,0,5684,109484,446,115614,Included
2026-07-06T20:36:36.522Z,,,Included,auto,No,0,39242,83936,433,123611,Included
2026-07-06T20:36:30.624Z,,,Included,auto,No,0,25023,263321,5032,293376,Included
2026-07-06T20:33:52.207Z,,,Included,auto,No,0,75776,208864,5872,290512,Included
2026-07-06T20:31:58.979Z,,,Included,auto,No,0,5086,136557,422,142065,Included
2026-07-06T20:30:23.428Z,,,Included,auto,No,0,37065,190057,4671,231793,Included
2026-07-06T20:27:55.241Z,,,Included,auto,No,0,22276,83509,1243,107028,Included
2026-07-06T20:24:58.693Z,,,Included,auto,No,0,26438,108096,529,135063,Included
2026-07-06T20:23:56.427Z,,,Included,auto,No,0,24908,291674,3220,319802,Included
2026-07-06T20:21:32.996Z,,,Included,auto,No,0,92426,637188,2495,732109,Included
2026-07-06T20:17:52.626Z,,,Included,auto,No,0,1585,277056,1046,279687,Included
2026-07-06T20:17:09.292Z,,,Included,auto,No,0,14116,531104,1092,546312,Included
2026-07-06T20:14:09.360Z,,,Included,auto,No,0,5879,254752,416,261047,Included
2026-07-06T20:11:28.549Z,,,Included,auto,No,0,62898,1208960,7090,1278948,Included
2026-07-06T20:10:37.132Z,,,Included,auto,No,0,497,68544,364,69405,Included
2026-07-06T20:10:00.436Z,,,Included,auto,No,0,7469,123168,868,131505,Included
2026-07-06T20:07:39.119Z,,,Included,auto,No,0,3099,119296,133,122528,Included
2026-07-06T20:07:26.783Z,,,Included,auto,No,0,532,59776,121,60429,Included
2026-07-06T20:07:16.170Z,,,Included,auto,No,0,4333,115200,411,119944,Included
2026-07-06T20:06:06.560Z,,,Included,auto,No,0,12014,163936,566,176516,Included
2026-07-06T20:05:56.569Z,,,Included,auto,No,0,959,56576,166,57701,Included
2026-07-06T20:05:47.598Z,,,Included,auto,No,0,4279,108320,1078,113677,Included
2026-07-06T20:05:42.815Z,,,Included,auto,No,0,1519,54080,69,55668,Included
2026-07-06T20:05:22.863Z,,,Included,auto,No,0,4396,84896,976,90268,Included
2026-07-06T20:04:54.186Z,,,Included,auto,No,0,8007,123456,2993,134456,Included
2026-07-06T20:04:31.652Z,,,Included,auto,No,0,2297,52736,404,55437,Included
2026-07-06T20:03:58.538Z,,,Included,auto,No,0,4050,156448,792,161290,Included
2026-07-06T20:02:49.644Z,,,Included,auto,No,0,51498,98496,2046,152040,Included
2026-07-06T20:02:18.151Z,,,Included,auto,No,0,875,51808,76,52759,Included
2026-07-06T20:02:06.568Z,,,Included,auto,No,0,591,51552,303,52446,Included
2026-07-06T19:59:07.982Z,,,Included,auto,No,0,14003,89280,153,103436,Included
2026-07-06T19:58:07.213Z,,,Included,auto,No,0,27132,407168,2462,436762,Included
2026-07-06T19:55:01.613Z,,,Included,auto,No,0,40262,133568,1087,174917,Included
2026-07-06T19:54:53.985Z,,,Included,auto,No,0,610,39808,323,40741,Included
2026-07-06T19:53:54.777Z,,,Included,auto,No,0,6879,109600,533,117012,Included
2026-07-06T19:52:45.529Z,,,Included,auto,No,0,6982,137216,824,145022,Included
2026-07-06T19:49:25.440Z,,,Included,auto,No,0,39614,187104,1338,228056,Included
2026-07-06T19:48:57.401Z,,,Included,auto,No,0,1470,57312,1392,60174,Included
2026-07-06T19:48:46.159Z,,,"Errored, No Charge",auto,No,,,,,,Free
2026-07-06T19:46:24.242Z,,,Included,auto,No,0,14177,93216,1804,109197,Included
2026-07-06T19:45:46.681Z,,,Included,auto,No,0,53742,143264,2313,199319,Included
2026-07-06T19:44:00.448Z,,,Included,auto,No,0,25496,132096,899,158491,Included
2026-07-06T19:40:57.716Z,,,Included,auto,No,0,4374,200576,1024,205974,Included
2026-07-06T19:39:36.562Z,,,Included,auto,No,0,1251,196224,1449,198924,Included
2026-07-06T19:36:27.983Z,,,Included,auto,No,0,4748,765792,1616,772156,Included
2026-07-06T19:19:42.245Z,,,Included,auto,No,0,9487,350592,3835,363914,Included
2026-07-06T19:19:17.989Z,,,Included,auto,No,0,885,87328,1254,89467,Included
2026-07-06T19:18:06.968Z,,,Included,auto,No,0,2270,342176,2301,346747,Included
2026-07-06T19:17:30.604Z,,,Included,auto,No,0,31065,384448,1032,416545,Included
2026-07-06T19:16:18.083Z,,,Included,auto,No,0,6975,229280,3229,239484,Included
2026-07-06T19:15:20.080Z,,,Included,auto,No,0,243,150336,446,151025,Included
2026-07-06T19:15:15.502Z,,,Included,auto,No,0,516,74560,219,75295,Included
2026-07-06T19:14:46.697Z,,,Included,auto,No,0,8350,213952,309,222611,Included
2026-07-06T19:13:19.225Z,,,Included,auto,No,0,2032,141312,1068,144412,Included
2026-07-06T19:12:52.511Z,,,Included,auto,No,0,813,69472,87,70372,Included
2026-07-06T19:12:13.821Z,,,Included,auto,No,0,28738,244864,2446,276048,Included
2026-07-06T19:11:55.936Z,,,Included,auto,No,0,2882,127648,976,131506,Included
2026-07-06T19:11:26.620Z,,,Included,auto,No,0,5638,176704,1023,183365,Included
2026-07-06T19:10:50.620Z,,,Included,auto,No,0,2183,114240,780,117203,Included
2026-07-06T19:08:56.418Z,,,Included,auto,No,0,4441,219936,644,225021,Included
2026-07-06T19:06:59.716Z,,,Included,auto,No,0,57737,432928,6384,497049,Included
2026-07-06T19:04:57.370Z,,,Included,auto,No,0,63761,127904,3344,195009,Included
2026-07-06T19:03:33.208Z,,,Included,auto,No,0,46936,123040,2256,172232,Included
2026-07-06T19:01:21.419Z,,,Included,auto,No,0,25861,604896,845,631602,Included
2026-07-06T18:57:17.190Z,,,Included,auto,No,0,2195,243616,790,246601,Included
2026-07-06T18:55:28.238Z,,,Included,auto,No,0,9067,1501440,10636,1521143,Included
2026-07-06T18:54:28.280Z,,,Included,auto,No,0,96235,960320,5186,1061741,Included
2026-07-06T18:46:16.563Z,,,Included,auto,No,0,10577,384448,2224,397249,Included
2026-07-06T18:41:11.130Z,,,Included,auto,No,0,1621,188512,308,190441,Included
2026-07-06T18:39:58.492Z,,,Included,auto,No,0,19903,694944,5828,720675,Included
2026-07-06T18:33:39.985Z,,,Included,auto,No,0,28727,682208,2015,712950,Included
2026-07-06T18:31:43.570Z,,,Included,auto,No,0,10629,335104,3384,349117,Included
2026-07-06T18:18:19.096Z,,,Included,auto,No,0,160864,497664,9200,667728,Included
2026-07-06T18:15:43.651Z,,,Included,auto,No,0,11292,630072,6215,647579,Included
2026-07-06T18:13:25.130Z,,,Included,auto,No,0,3620,237944,686,242250,Included
2026-07-06T18:11:49.596Z,,,Included,auto,No,0,3508,702375,933,706816,Included
2026-07-06T18:08:30.435Z,,,Included,auto,No,0,11062,426999,4986,443047,Included
2026-07-06T18:06:56.811Z,,,Included,auto,No,0,3131,202898,1003,207032,Included
2026-07-06T18:06:00.267Z,,,Included,auto,No,0,10122,579692,5757,595571,Included
2026-07-06T18:05:00.837Z,,,Included,auto,No,0,2744,177709,1669,182122,Included
2026-07-06T18:04:01.888Z,,,Included,auto,No,0,2321,85833,1000,89154,Included
2026-07-06T18:01:04.619Z,,,Included,auto,No,0,7717,243518,3709,254944,Included
2026-07-06T17:56:23.564Z,,,Included,auto,No,0,4622,148412,3973,157007,Included
2026-07-06T17:49:52.925Z,,,Included,auto,No,0,64403,1183555,24911,1272869,Included
2026-07-06T17:45:21.872Z,,,Included,auto,No,0,29780,170826,2764,203370,Included
2026-07-06T12:53:35.142Z,,,Included,auto,No,0,46832,443254,9668,499754,Included
2026-07-06T12:49:37.946Z,,,Included,auto,No,0,28107,139304,4267,171678,Included
2026-07-06T12:45:58.397Z,,,Included,auto,No,0,13637,647584,9623,670844,Included
2026-07-06T12:40:15.667Z,,,Included,auto,No,0,847,112608,547,114002,Included
2026-07-06T12:36:48.528Z,,,Included,auto,No,0,17812,635232,6567,659611,Included
2026-07-06T12:34:49.603Z,,,Included,auto,No,0,3358,301888,4072,309318,Included
2026-07-06T12:25:35.708Z,,,Included,auto,No,0,47400,981152,6171,1034723,Included
2026-07-06T11:25:49.417Z,,,Included,auto,No,0,7648,642208,2895,652751,Included
2026-07-06T11:24:01.238Z,,,Included,auto,No,0,86360,736192,10272,832824,Included
2026-07-06T11:23:22.697Z,,,Included,auto,No,0,1807,102560,1129,105496,Included
2026-07-06T11:21:28.428Z,,,Included,auto,No,0,1522,48448,1268,51238,Included
2026-07-06T11:19:57.757Z,,,Included,auto,No,0,6272,132416,1601,140289,Included
2026-07-06T11:19:18.746Z,,,Included,auto,No,0,1272,41728,1187,44187,Included
2026-07-06T11:17:23.856Z,,,Included,auto,No,0,101936,64512,1152,167600,Included
2026-07-06T11:14:34.331Z,,,Included,auto,No,0,2051,38400,388,40839,Included
2026-07-06T11:09:47.348Z,,,Included,auto,No,0,30058,46144,1855,78057,Included
2026-07-06T11:07:08.490Z,,,Included,auto,No,0,95029,173824,3992,272845,Included
2026-07-06T11:05:55.563Z,,,Included,auto,No,0,4795,241344,557,246696,Included
2026-07-06T11:02:25.608Z,,,Included,auto,No,0,3311,77088,550,80949,Included
2026-07-06T11:01:10.123Z,,,Included,auto,No,0,782,78432,912,80126,Included
2026-07-06T10:58:37.965Z,,,Included,auto,No,0,51628,759424,12581,823633,Included
2026-07-06T10:55:01.057Z,,,Included,auto,No,0,69764,396992,9587,476343,Included
2026-07-06T10:52:19.579Z,,,Included,auto,No,0,5901,183445,700,190046,Included
2026-07-06T10:51:42.900Z,,,"Errored, No Charge",auto,No,,,,,,Free
2026-07-06T10:43:47.661Z,,,Included,auto,No,0,11678,372164,4298,388140,Included
2026-07-06T10:39:42.139Z,,,Included,auto,No,0,38134,383668,7077,428879,Included
2026-07-06T10:38:07.387Z,,,Included,auto,No,0,27925,174022,1976,203923,Included
2026-07-06T10:34:32.850Z,,,Included,claude-opus-4-8-thinking-high,No,9407,16,986696,6631,1002750,Included
2026-07-06T10:32:06.752Z,,,Included,claude-opus-4-8-thinking-high,No,12811,22,1235821,6793,1255447,Included
2026-07-06T10:30:41.894Z,,,Included,claude-opus-4-8-thinking-high,No,803,2,104104,1427,106336,Included
2026-07-06T10:29:26.049Z,,,Included,claude-opus-4-8-thinking-high,No,4043,4,200763,3784,208594,Included
2026-07-06T10:28:31.178Z,,,Included,claude-opus-4-8-thinking-high,No,3909,8,391749,1571,397237,Included
2026-07-06T10:26:16.802Z,,,Included,claude-opus-4-8-thinking-high,No,8575,10,455374,3490,467449,Included
2026-07-06T10:25:17.889Z,,,Included,claude-opus-4-8-thinking-high,No,87577,4,86411,1977,175969,Included
2026-07-06T10:21:13.231Z,,,Included,auto,No,0,5348,188469,1653,195470,Included
2026-07-06T10:20:06.547Z,,,Included,auto,No,0,2797,85156,1683,89636,Included
2026-07-06T10:17:54.299Z,,,Included,auto,No,0,5098,114451,3176,122725,Included
2026-07-06T10:12:43.757Z,,,Included,auto,No,0,10717,185738,4347,200802,Included
2026-07-06T10:11:40.809Z,,,Included,auto,No,0,111189,249216,793,361198,Included
2026-07-06T10:09:28.834Z,,,Included,auto,No,0,17179,72473,3378,93030,Included
2026-07-06T10:06:17.804Z,,,Included,auto,No,0,3589,347232,1847,352668,Included
2026-07-06T09:57:18.425Z,,,Included,auto,No,0,4509,560928,1941,567378,Included
2026-07-06T09:55:53.489Z,,,Included,auto,No,0,800,109216,946,110962,Included
2026-07-06T09:54:05.510Z,,,Included,auto,No,0,100209,9024,469,109702,Included
2026-07-06T09:37:02.145Z,,,Included,auto,No,0,35599,1785216,19456,1840271,Included
2026-07-06T09:28:00.722Z,,,Included,auto,No,0,95808,1441856,16823,1554487,Included
2026-07-06T09:27:42.894Z,,,"Errored, No Charge",auto,No,,,,,,Free
2026-07-06T09:21:08.168Z,,,Included,auto,No,0,3919,113472,2175,119566,Included
2026-07-06T09:18:43.912Z,,,Included,auto,No,0,31657,143264,3176,178097,Included
2026-07-06T09:15:08.625Z,,,Included,auto,No,0,42768,169280,3939,215987,Included
2026-07-06T09:13:06.227Z,,,Included,auto,No,0,1789,595456,953,598198,Included
2026-07-06T09:02:59.488Z,,,Included,auto,No,0,3893,433376,1855,439124,Included
2026-07-06T08:55:25.903Z,,,Included,auto,No,0,2119,560224,1491,563834,Included
2026-07-06T08:49:36.925Z,,,Included,auto,No,0,7073,670496,5265,682834,Included
2026-07-06T08:48:27.681Z,,,Included,auto,No,0,2361,255712,1329,259402,Included
2026-07-06T08:47:05.677Z,,,Included,auto,No,0,1942,506112,1502,509556,Included
2026-07-06T08:46:02.970Z,,,Included,auto,No,0,12736,580448,1843,595027,Included
2026-07-06T08:44:26.279Z,,,Included,auto,No,0,8295,416480,6908,431683,Included
2026-07-06T08:42:03.438Z,,,Included,auto,No,0,16163,666080,5725,687968,Included
2026-07-06T08:39:20.497Z,,,Included,auto,No,0,75441,857600,5839,938880,Included
2026-07-06T08:35:47.481Z,,,Included,auto,No,0,22171,802757,11708,836636,Included
2026-07-06T08:35:02.316Z,,,Included,auto,No,0,45907,114388,774,161069,Included
2026-07-06T08:34:12.698Z,,,Included,auto,No,0,197,50784,1278,52259,Included
2026-07-06T08:33:41.866Z,,,Included,auto,No,0,48798,101568,734,151100,Included
2026-07-06T08:28:39.829Z,,,Included,auto,No,0,12850,174944,3384,191178,Included
2026-07-06T08:20:28.887Z,,,Included,auto,No,0,43486,215520,7350,266356,Included
2026-07-06T08:19:10.400Z,,,Included,auto,No,0,31781,58432,2893,93106,Included
2026-07-05T20:06:07.124Z,,,Included,claude-opus-4-8-thinking-high,No,2420,6,354704,576,357706,Included
2026-07-05T20:04:02.652Z,,,Included,claude-opus-4-8-thinking-high,No,117358,20,1036265,4832,1158475,Included
2026-07-05T20:00:21.944Z,,,Included,claude-opus-4-8-thinking-high,No,110423,14,627109,4778,742324,Included
2026-07-05T19:56:42.064Z,,,Included,claude-opus-4-8-thinking-high,No,191139,32,849736,14790,1055697,Included
2026-07-05T19:54:47.136Z,,,Included,auto,No,0,18461,1312,232,20005,Included
2026-07-05T19:50:02.030Z,,,Included,auto,No,0,6337,646208,1435,653980,Included
2026-07-05T19:48:04.141Z,,,Included,auto,No,0,23214,638592,8444,670250,Included
2026-07-05T19:46:26.066Z,,,Included,auto,No,0,55198,550112,9295,614605,Included
2026-07-05T19:42:40.638Z,,,Included,auto,No,0,54362,252352,7844,314558,Included
2026-07-05T19:40:22.550Z,,,Included,auto,No,0,27917,70176,760,98853,Included
2026-07-05T19:40:02.492Z,,,"Errored, No Charge",auto,No,,,,,,Free
2026-07-05T19:38:17.888Z,,,Included,auto,No,0,786,231200,240,232226,Included
2026-07-05T19:35:47.420Z,,,Included,auto,No,0,10157,2274848,16951,2301956,Included
2026-07-05T19:31:36.975Z,,,Included,auto,No,0,80477,662592,10522,753591,Included
2026-07-05T19:26:04.486Z,,,Included,auto,No,0,11485,371104,7116,389705,Included
2026-07-05T19:24:39.051Z,,,Included,auto,No,0,6732,249728,3961,260421,Included
2026-07-05T19:20:11.107Z,,,Included,auto,No,0,40102,406624,9850,456576,Included
2026-07-05T19:17:22.640Z,,,Included,composer-2.5-fast,No,0,4233,524864,2973,532070,Included
2026-07-05T19:17:02.667Z,,,Included,composer-2.5-fast,No,0,562,203488,170,204220,Included
2026-07-05T19:16:28.208Z,,,Included,composer-2.5-fast,No,0,1041,301760,991,303792,Included
2026-07-05T19:15:09.047Z,,,Included,composer-2.5-fast,No,0,91458,494816,2934,589208,Included
2026-07-05T19:11:01.130Z,,,Included,composer-2.5-fast,No,0,17124,735616,11005,763745,Included
2026-07-05T19:07:58.242Z,,,Included,composer-2.5-fast,No,0,7100,427680,5777,440557,Included
2026-07-05T19:06:59.608Z,,,Included,composer-2.5-fast,No,0,3388,102208,1438,107034,Included
2026-07-05T19:02:15.559Z,,,Included,composer-2.5-fast,No,0,33717,608416,12438,654571,Included
2026-07-05T18:59:52.539Z,,,Included,composer-2.5-fast,No,0,1346,141312,342,143000,Included
2026-07-05T18:58:19.034Z,,,Included,composer-2.5-fast,No,0,38361,186336,828,225525,Included
2026-07-05T18:53:46.057Z,,,Included,auto,No,0,5740,116864,504,123108,Included
2026-07-05T18:51:58.177Z,,,Included,auto,No,0,45229,241120,4426,290775,Included
2026-07-05T18:51:24.658Z,,,Included,auto,No,0,56766,122464,2092,181322,Included
2026-07-05T18:46:34.615Z,,,Included,auto,No,0,58828,220640,3096,282564,Included
2026-07-05T18:46:00.658Z,,,Included,auto,No,0,26636,7584,1035,35255,Included
2026-07-05T18:44:37.120Z,,,Included,auto,No,0,1602,30912,1279,33793,Included
2026-07-05T18:42:23.354Z,,,Included,auto,No,0,22613,7872,1594,32079,Included
2026-07-05T18:39:21.113Z,,,Included,auto,No,0,18821,105024,3023,126868,Included
2026-07-05T18:36:54.481Z,,,Included,auto,No,0,7489,273664,3198,284351,Included
2026-07-05T18:34:11.715Z,,,Included,auto,No,0,78181,927968,14555,1020704,Included
2026-07-05T18:31:34.792Z,,,Included,auto,No,0,48282,567200,9198,624680,Included
2026-07-05T18:29:47.218Z,,,Included,auto,No,0,1757,38071,2047,41875,Included
2026-07-05T18:28:38.584Z,,,Included,auto,No,0,9341,134566,1916,145823,Included
2026-07-05T18:27:02.810Z,,,Included,auto,No,0,20861,101540,4844,127245,Included
2026-07-05T18:20:40.502Z,,,Included,auto,No,0,11602,466080,7696,485378,Included
2026-07-05T18:19:33.311Z,,,Included,auto,No,0,4427,155968,2194,162589,Included
2026-07-05T18:18:32.423Z,,,Included,auto,No,0,8620,260576,5233,274429,Included
2026-07-05T18:17:19.723Z,,,Included,auto,No,0,36478,76608,3924,117010,Included
2026-07-05T18:14:56.026Z,,,Included,auto,No,0,1009,310208,272,311489,Included
2026-07-05T18:12:35.760Z,,,Included,auto,No,0,516,307584,305,308405,Included
2026-07-05T18:12:18.618Z,,,Included,auto,No,0,493,203680,179,204352,Included
2026-07-05T18:11:40.975Z,,,Included,auto,No,0,2338,400672,1049,404059,Included
2026-07-05T18:10:39.379Z,,,Included,auto,No,0,6143,283712,582,290437,Included
2026-07-05T18:09:08.230Z,,,Included,auto,No,0,2486,450464,1890,454840,Included
2026-07-05T18:08:15.413Z,,,Included,auto,No,0,4641,426176,2777,433594,Included
2026-07-05T18:07:12.697Z,,,Included,auto,No,0,18896,456896,3706,479498,Included
2026-07-05T18:06:42.610Z,,,Included,auto,No,0,2193,70048,1437,73678,Included
2026-07-05T18:00:25.163Z,,,Included,auto,No,0,61321,135904,2818,200043,Included
2026-07-05T17:54:01.765Z,,,Included,auto,No,0,5563,256800,3494,265857,Included
2026-07-05T17:51:37.623Z,,,Included,auto,No,0,4950,285728,2250,292928,Included
2026-07-05T17:48:52.541Z,,,Included,auto,No,0,6711,299968,3346,310025,Included
2026-07-05T17:48:04.454Z,,,Included,auto,No,0,17871,359040,4096,381007,Included
2026-07-05T17:45:49.060Z,,,Included,auto,No,0,70367,488480,4005,562852,Included
2026-07-05T17:42:29.406Z,,,Included,auto,No,0,21701,84320,2220,108241,Included
2026-07-05T17:40:44.536Z,,,Included,auto,No,0,10478,1062816,1310,1074604,Included
2026-07-05T17:37:36.343Z,,,Included,auto,No,0,8043,702560,5352,715955,Included
2026-07-05T17:34:40.652Z,,,Included,auto,No,0,9213,643616,7748,660577,Included
2026-07-05T17:27:50.261Z,,,Included,auto,No,0,15428,1676768,14734,1706930,Included
2026-07-05T17:26:34.938Z,,,"Errored, No Charge",auto,No,,,,,,Free
2026-07-05T17:18:15.647Z,,,Included,auto,No,0,5751,732096,4113,741960,Included
2026-07-05T17:15:38.160Z,,,Included,auto,No,0,6803,411712,4777,423292,Included
2026-07-05T17:13:52.733Z,,,Included,auto,No,0,12674,289280,2670,304624,Included
2026-07-05T17:12:50.270Z,,,Included,auto,No,0,39615,27200,747,67562,Included
2026-07-05T17:10:21.110Z,,,Included,auto,No,0,3381,131904,2213,137498,Included
2026-07-05T17:03:47.583Z,,,Included,auto,No,0,13724,306880,1306,321910,Included
2026-07-05T17:01:53.169Z,,,Included,auto,No,0,12686,339328,4379,356393,Included
2026-07-05T16:58:08.249Z,,,Included,auto,No,0,69882,283040,2351,355273,Included
2026-07-05T16:56:15.341Z,,,Included,auto,No,0,7117,280640,4113,291870,Included
2026-07-05T16:52:04.744Z,,,Included,auto,No,0,4230,95904,1688,101822,Included
2026-07-05T16:49:19.151Z,,,Included,auto,No,0,39760,118528,6028,164316,Included
2026-07-05T16:39:00.259Z,,,Included,auto,No,0,28798,27040,535,56373,Included
2026-07-05T16:38:42.139Z,,,Included,auto,No,0,21811,26880,695,49386,Included
2026-07-05T16:38:16.712Z,,,Included,auto,No,0,5626,506112,1488,513226,Included
2026-07-05T16:34:03.341Z,,,Included,auto,No,0,16681,219520,1199,237400,Included
2026-07-05T16:27:35.095Z,,,Included,auto,No,0,64773,366336,8270,439379,Included
2026-07-05T16:24:24.583Z,,,Included,auto,No,0,7064,142208,4431,153703,Included
2026-07-05T16:22:18.131Z,,,Included,auto,No,0,14058,183008,2538,199604,Included
2026-07-05T16:22:08.035Z,,,"Errored, No Charge",auto,No,,,,,,Free
2026-07-05T16:15:27.365Z,,,Included,auto,No,0,54918,131200,1082,187200,Included
2026-07-05T16:12:25.625Z,,,Included,auto,No,0,43639,546144,13012,602795,Included
2026-07-05T16:09:39.302Z,,,Included,auto,No,0,35266,334528,4650,374444,Included
2026-07-05T11:57:39.802Z,,,Included,auto,No,0,6734,268064,562,275360,Included
2026-07-05T11:56:19.660Z,,,Included,auto,No,0,514,258880,623,260017,Included
2026-07-05T11:55:53.983Z,,,Included,auto,No,0,931,340032,815,341778,Included
2026-07-05T11:50:24.001Z,,,Included,auto,No,0,6812,1041792,4697,1053301,Included
2026-07-05T11:49:18.805Z,,,Included,auto,No,0,610,224256,470,225336,Included
2026-07-05T11:48:45.359Z,,,Included,auto,No,0,5553,214976,1226,221755,Included
2026-07-05T11:48:00.374Z,,,Included,auto,No,0,1037,140992,389,142418,Included
2026-07-05T11:47:10.894Z,,,Included,auto,No,0,61545,76896,1405,139846,Included
2026-07-05T11:44:41.997Z,,,Included,auto,No,0,10345,816064,7024,833433,Included
2026-07-05T11:40:51.607Z,,,Included,auto,No,0,48081,590592,10275,648948,Included
2026-07-05T11:39:25.811Z,,,Included,auto,No,0,7041,132608,462,140111,Included
2026-07-05T11:38:53.214Z,,,Included,auto,No,0,34545,52448,164,87157,Included
2026-07-05T11:36:21.766Z,,,Included,auto,No,0,20259,247296,5951,273506,Included
2026-07-05T11:35:26.864Z,,,Included,auto,No,0,44427,81024,714,126165,Included
2026-07-05T11:31:45.498Z,,,Included,auto,No,0,27577,148448,5745,181770,Included
2026-07-05T11:30:35.862Z,,,Included,auto,No,0,15168,48800,1042,65010,Included
2026-07-05T11:27:25.681Z,,,Included,auto,No,0,6763,290304,535,297602,Included
2026-07-05T11:25:57.601Z,,,Included,auto,No,0,4384,551904,2612,558900,Included
2026-07-05T11:19:28.427Z,,,Included,auto,No,0,5225,343264,2340,350829,Included
2026-07-05T11:18:23.721Z,,,Included,auto,No,0,8947,388832,3038,400817,Included
2026-07-05T11:15:54.369Z,,,Included,auto,No,0,3683,279200,4865,287748,Included
2026-07-05T11:13:15.194Z,,,Included,auto,No,0,16069,178112,4206,198387,Included
2026-07-05T11:12:43.143Z,,,Included,auto,No,0,4699,112864,1374,118937,Included
2026-07-05T11:05:03.873Z,,,Included,auto,No,0,46680,166304,2515,215499,Included
2026-07-05T10:56:34.246Z,,,Included,auto,No,0,90418,347776,14297,452491,Included
2026-07-05T10:51:48.547Z,,,Included,auto,No,0,27465,52640,3159,83264,Included
2026-07-05T08:34:26.161Z,,,Included,auto,No,0,16706,153504,572,170782,Included
2026-07-05T08:32:53.879Z,,,Included,auto,No,0,867,107712,299,108878,Included
2026-07-05T08:32:30.830Z,,,Included,auto,No,0,23517,135904,1023,160444,Included
2026-07-05T08:30:33.331Z,,,Included,auto,No,0,47868,310592,7322,365782,Included
2026-07-05T08:27:01.732Z,,,Included,auto,No,0,47966,120832,4254,173052,Included
2026-07-05T08:24:54.873Z,,,Included,auto,No,0,3634,184032,514,188180,Included
2026-07-05T08:23:55.743Z,,,Included,auto,No,0,52608,121920,1637,176165,Included
2026-07-05T08:18:03.876Z,,,Included,auto,No,0,4101,158752,1041,163894,Included
2026-07-05T08:17:21.519Z,,,Included,auto,No,0,531,152512,174,153217,Included
2026-07-05T08:16:40.301Z,,,Included,auto,No,0,2345,194176,1987,198508,Included
2026-07-05T08:15:17.792Z,,,Included,auto,No,0,4478,130016,2424,136918,Included
2026-07-05T08:10:53.703Z,,,Included,auto,No,0,2563,197600,2636,202799,Included
2026-07-05T08:09:08.877Z,,,Included,auto,No,0,1945,105536,2740,110221,Included
2026-07-05T08:08:11.993Z,,,Included,auto,No,0,2694,125984,3273,131951,Included
2026-07-05T08:06:59.649Z,,,Included,auto,No,0,3385,105216,3856,112457,Included
2026-07-05T08:05:28.858Z,,,Included,auto,No,0,16574,113568,2490,132632,Included
2026-07-05T08:04:13.255Z,,,Included,auto,No,0,2105,341696,403,344204,Included
2026-07-05T08:03:11.654Z,,,Included,auto,No,0,549,225504,93,226146,Included
2026-07-05T08:01:07.119Z,,,Included,auto,No,0,1811,444832,624,447267,Included
2026-07-05T07:59:44.563Z,,,Included,auto,No,0,3283,322944,811,327038,Included
2026-07-05T07:58:51.919Z,,,Included,auto,No,0,275,212064,197,212536,Included
2026-07-05T07:57:14.848Z,,,Included,auto,No,0,2619,521152,1402,525173,Included
2026-07-05T07:55:57.523Z,,,Included,auto,No,0,2243,401184,726,404153,Included
2026-07-05T07:55:21.288Z,,,Included,auto,No,0,1936,291456,1240,294632,Included
2026-07-05T07:54:20.724Z,,,Included,auto,No,0,2954,374144,1266,378364,Included
2026-07-05T07:53:13.971Z,,,Included,auto,No,0,294,183520,259,184073,Included
2026-07-05T07:52:29.335Z,,,Included,auto,No,0,81335,185760,2763,269858,Included
2026-07-05T07:49:54.268Z,,,Included,auto,No,0,10003,554336,6734,571073,Included
2026-07-05T07:47:23.743Z,,,Included,auto,No,0,3361,284544,1553,289458,Included
2026-07-05T07:46:23.076Z,,,Included,auto,No,0,2021,269184,2169,273374,Included
2026-07-05T07:45:26.267Z,,,Included,auto,No,0,2920,188608,3083,194611,Included
2026-07-05T07:44:55.733Z,,,Included,auto,No,0,4524,173088,2749,180361,Included
2026-07-05T07:43:50.819Z,,,Included,auto,No,0,255,55232,1338,56825,Included
2026-07-05T07:42:25.040Z,,,Included,auto,No,0,1324,159776,1966,163066,Included
2026-07-05T07:41:28.586Z,,,Included,auto,No,0,4077,197152,2394,203623,Included
2026-07-05T07:40:44.702Z,,,Included,auto,No,0,4694,133632,1186,139512,Included
2026-07-05T07:40:05.759Z,,,Included,auto,No,0,34499,7872,1307,43678,Included
2026-07-05T07:36:07.764Z,,,Included,auto,No,0,33223,478272,10043,521538,Included
2026-07-04T21:54:33.582Z,,,Included,auto,No,0,3030,230944,486,234460,Included
2026-07-04T21:53:10.549Z,,,Included,auto,No,0,10083,546848,6029,562960,Included
2026-07-04T21:50:15.538Z,,,Included,auto,No,0,6020,436640,9608,452268,Included
2026-07-04T21:48:47.851Z,,,Included,auto,No,0,33432,426496,7118,467046,Included
2026-07-04T21:45:29.238Z,,,Included,auto,No,0,48241,122034,449,170724,Included
2026-07-04T21:41:39.313Z,,,Included,auto,No,0,26002,136832,1864,164698,Included
2026-07-04T21:40:44.610Z,,,Included,auto,No,0,1058,104480,89,105627,Included
2026-07-04T21:40:22.172Z,,,Included,auto,No,0,2432,102400,110,104942,Included
2026-07-04T21:40:06.033Z,,,Included,auto,No,0,8445,144160,1549,154154,Included
2026-07-04T21:38:58.268Z,,,Included,auto,No,0,3120,184384,5183,192687,Included
2026-07-04T21:37:08.595Z,,,Included,auto,No,0,17144,109120,1195,127459,Included
2026-07-04T21:36:12.091Z,,,Included,auto,No,0,9084,150336,1419,160839,Included
2026-07-04T21:34:40.116Z,,,Included,auto,No,0,50818,47520,2056,100394,Included
2026-07-04T21:32:52.627Z,,,Included,auto,No,0,45389,99200,711,145300,Included
2026-07-04T21:30:53.952Z,,,Included,auto,No,0,61105,149152,1990,212247,Included
2026-07-04T21:30:05.893Z,,,"Errored, No Charge",auto,No,,,,,,Free
2026-07-04T21:27:50.720Z,,,Included,auto,No,0,6169,676641,4030,686840,Included
2026-07-04T21:26:08.146Z,,,Included,auto,No,0,7285,771921,4821,784027,Included
2026-07-04T21:24:55.219Z,,,Included,auto,No,0,2188,498604,1082,501874,Included
2026-07-04T21:23:14.455Z,,,Included,auto,No,0,2732,487903,1139,491774,Included
2026-07-04T21:22:43.918Z,,,Included,auto,No,0,3890,472497,1671,478058,Included
2026-07-04T21:18:20.646Z,,,Included,auto,No,0,24383,1295563,14515,1334461,Included
2026-07-04T21:16:10.581Z,,,Included,auto,No,0,7448,351034,5331,363813,Included
2026-07-04T21:14:30.098Z,,,Included,auto,No,0,19591,680696,12056,712343,Included
2026-07-04T21:12:16.945Z,,,Included,auto,No,0,56655,254421,4307,315383,Included
2026-07-04T21:08:40.390Z,,,Included,auto,No,0,33285,733960,14909,782154,Included
2026-07-04T21:04:59.928Z,,,Included,auto,No,0,16241,248843,6278,271362,Included
2026-07-04T21:03:34.606Z,,,Included,auto,No,0,13883,89372,1282,104537,Included
2026-07-04T20:51:16.709Z,,,Included,auto,No,0,1617,349600,389,351606,Included
2026-07-04T20:49:16.953Z,,,Included,auto,No,0,3798,566112,2683,572593,Included
2026-07-04T20:47:05.722Z,,,Included,auto,No,0,2802,211072,2413,216287,Included
2026-07-04T20:45:39.905Z,,,Included,auto,No,0,2302,311072,430,313804,Included
2026-07-04T20:44:36.871Z,,,Included,auto,No,0,36543,168768,203,205514,Included
2026-07-04T20:40:44.451Z,,,Included,auto,No,0,1423,404288,1181,406892,Included
2026-07-04T20:39:48.450Z,,,Included,auto,No,0,743,294272,2186,297201,Included
2026-07-04T20:38:38.264Z,,,Included,auto,No,0,3148,562976,4243,570367,Included
2026-07-04T20:36:04.172Z,,,Included,auto,No,0,5617,261920,569,268106,Included
2026-07-04T20:32:08.789Z,,,Included,auto,No,0,16975,2357376,14959,2389310,Included
2026-07-04T20:29:59.170Z,,,Included,auto,No,0,9066,737984,9907,756957,Included
2026-07-04T20:27:40.265Z,,,Included,auto,No,0,26371,190272,7619,224262,Included
2026-07-04T20:26:00.689Z,,,Included,auto,No,0,5066,178597,687,184350,Included
2026-07-04T20:22:16.363Z,,,Included,auto,No,0,33194,184583,5793,223570,Included
2026-07-04T20:19:58.770Z,,,Included,claude-opus-4-8-thinking-high,No,106379,10,421143,2134,529666,Included
2026-07-04T20:16:01.506Z,,,Included,claude-opus-4-8-thinking-high,No,26308,32,1511787,12923,1551050,Included
2026-07-04T20:11:43.291Z,,,Included,claude-opus-4-8-thinking-high,No,75847,26,821062,11344,908279,Included
2026-07-04T19:59:15.425Z,,,Included,auto,No,0,40649,1133600,4459,1178708,Included
2026-07-04T19:56:18.230Z,,,Included,auto,No,0,15516,471680,5321,492517,Included
2026-07-04T19:55:12.658Z,,,Included,auto,No,0,20986,588256,4791,614033,Included
2026-07-04T19:52:50.826Z,,,Included,auto,No,0,136436,316160,5075,457671,Included
2026-07-04T19:50:57.394Z,,,Included,auto,No,0,31189,660544,8807,700540,Included
2026-07-04T19:50:14.017Z,,,Included,auto,No,0,3531,194784,398,198713,Included
2026-07-04T19:48:17.638Z,,,Included,auto,No,0,170533,1014816,12744,1198093,Included
2026-07-04T19:44:41.788Z,,,Included,auto,No,0,777,233440,251,234468,Included
2026-07-04T19:42:08.250Z,,,Included,auto,No,0,101418,2614720,13123,2729261,Included
2026-07-04T19:37:18.407Z,,,Included,auto,No,0,7116,534368,5062,546546,Included
2026-07-04T19:35:24.513Z,,,Included,auto,No,0,312,66880,177,67369,Included
2026-07-04T19:33:39.188Z,,,Included,auto,No,0,5820,427200,6839,439859,Included
2026-07-04T19:31:36.483Z,,,"Errored, No Charge",auto,No,,,,,,Free
2026-07-04T19:27:09.769Z,,,Included,auto,No,0,35448,953408,17575,1006431,Included
2026-07-04T17:48:36.499Z,,,Included,auto,No,0,4723,335520,2272,342515,Included
2026-07-04T17:47:54.162Z,,,Included,auto,No,0,101093,9024,483,110600,Included
2026-07-04T17:44:32.170Z,,,Included,auto,No,0,6631,513376,7919,527926,Included
2026-07-04T17:44:09.640Z,,,Included,auto,No,0,86409,9024,181,95614,Included
2026-07-04T17:39:28.285Z,,,Included,auto,No,0,6987,364160,1076,372223,Included
2026-07-04T17:36:05.850Z,,,Included,auto,No,0,8325,403648,7116,419089,Included
2026-07-04T17:34:07.044Z,,,Included,auto,No,0,28608,385376,9820,423804,Included
2026-07-04T17:33:15.388Z,,,Included,auto,No,0,1887,52480,1660,56027,Included
2026-07-04T17:31:33.899Z,,,Included,auto,No,0,42011,246336,4391,292738,Included
2026-07-04T17:28:09.889Z,,,Included,auto,No,0,5000,223808,3057,231865,Included
2026-07-04T17:27:16.362Z,,,Included,auto,No,0,3818,182208,3610,189636,Included
2026-07-04T17:25:31.230Z,,,Included,auto,No,0,22679,253248,3480,279407,Included
2026-07-04T17:25:14.537Z,,,"Errored, No Charge",auto,No,,,,,,Free
2026-07-04T17:23:13.486Z,,,Included,auto,No,0,9502,63465,503,73470,Included
2026-07-04T17:22:20.184Z,,,Included,auto,No,0,27932,319968,5752,353652,Included
2026-07-04T17:18:05.084Z,,,Included,auto,No,0,5449,273312,489,279250,Included
2026-07-04T17:16:30.116Z,,,Included,auto,No,0,28787,321088,2805,352680,Included
2026-07-04T17:13:47.562Z,,,Included,auto,No,0,7176,483104,6016,496296,Included
2026-07-04T17:11:43.706Z,,,Included,auto,No,0,4380,282688,5247,292315,Included
2026-07-04T17:10:04.825Z,,,Included,auto,No,0,6865,245920,5450,258235,Included
2026-07-04T17:08:59.810Z,,,Included,auto,No,0,603,57632,163,58398,Included
2026-07-04T17:07:58.136Z,,,Included,auto,No,0,20645,417088,6240,443973,Included
2026-07-04T17:03:47.192Z,,,Included,auto,No,0,72811,641632,6271,720714,Included
2026-07-04T17:02:50.124Z,,,Included,auto,No,0,11112,359072,670,370854,Included
2026-07-04T16:59:08.836Z,,,Included,auto,No,0,8329,397376,8357,414062,Included
2026-07-04T16:56:17.646Z,,,Included,auto,No,0,14160,271168,6430,291758,Included
2026-07-04T16:55:17.301Z,,,Included,auto,No,0,14688,301984,3709,320381,Included
2026-07-04T16:53:29.718Z,,,Included,auto,No,0,34307,400032,6969,441308,Included
2026-07-04T16:51:15.658Z,,,Included,auto,No,0,78736,466592,7920,553248,Included
2026-07-04T16:50:07.054Z,,,Included,auto,No,0,40518,187712,4009,232239,Included
2026-07-04T16:44:36.932Z,,,Included,auto,No,0,141491,872448,27027,1040966,Included
2026-07-04T16:43:40.156Z,,,Included,auto,No,0,38936,97440,2034,138410,Included
2026-07-04T16:39:03.959Z,,,Included,auto,No,0,70344,272800,6892,350036,Included
2026-07-04T16:23:54.025Z,,,Included,auto,No,0,48899,115456,3259,167614,Included
2026-07-04T16:21:53.294Z,,,Included,auto,No,0,30418,675488,5670,711576,Included
2026-07-04T16:20:34.365Z,,,Included,auto,No,0,18134,237504,2562,258200,Included
2026-07-04T16:16:46.590Z,,,Included,auto,No,0,78796,338944,3873,421613,Included
2026-07-04T16:15:49.119Z,,,"Errored, No Charge",auto,No,,,,,,Free
2026-07-04T16:12:23.146Z,,,Included,auto,No,0,7143,753280,7043,767466,Included
2026-07-04T16:09:08.477Z,,,Included,auto,No,0,3697,495232,3237,502166,Included
2026-07-04T16:02:51.397Z,,,Included,auto,No,0,7178,1151392,11055,1169625,Included
2026-07-04T16:01:04.563Z,,,Included,auto,No,0,13265,563776,9427,586468,Included
2026-07-04T15:59:09.980Z,,,Included,auto,No,0,49964,353056,8255,411275,Included
2026-07-04T15:53:36.887Z,,,Included,auto,No,0,3538,238400,1800,243738,Included
2026-07-04T15:49:57.108Z,,,Included,auto,No,0,28215,348256,13647,390118,Included
2026-07-04T13:21:54.169Z,,,Included,auto,No,0,305,79424,2777,82506,Included
2026-07-04T13:18:21.915Z,,,Included,auto,No,0,1437,76384,1608,79429,Included
2026-07-04T13:13:54.852Z,,,Included,auto,No,0,1776,150080,1410,153266,Included
2026-07-04T13:09:43.614Z,,,Included,auto,No,0,1179,72576,1556,75311,Included
2026-07-04T13:03:09.789Z,,,Included,auto,No,0,1464,70240,1816,73520,Included
2026-07-04T12:48:34.684Z,,,Included,auto,No,0,2473,135520,2012,140005,Included
2026-07-04T12:46:22.220Z,,,Included,auto,No,0,58579,74496,1399,134474,Included
2026-07-04T12:44:03.243Z,,,Included,auto,No,0,10586,310336,2228,323150,Included
2026-07-04T12:40:41.285Z,,,Included,auto,No,0,74189,257184,8317,339690,Included
2026-07-04T12:35:37.347Z,,,Included,auto,No,0,26188,274176,6094,306458,Included
2026-07-04T12:32:42.063Z,,,Included,auto,No,0,45175,177184,8370,230729,Included
2026-07-04T12:20:58.362Z,,,Included,auto,No,0,2647,338560,1548,342755,Included
2026-07-04T12:20:05.529Z,,,Included,auto,No,0,5695,239744,527,245966,Included
2026-07-04T12:17:48.078Z,,,Included,auto,No,0,65424,306080,6510,378014,Included
2026-07-04T12:09:56.930Z,,,Included,auto,No,0,9268,562208,9964,581440,Included
2026-07-04T12:08:49.255Z,,,Included,auto,No,0,40627,9024,279,49930,Included
2026-07-04T12:03:13.604Z,,,Included,auto,No,0,32582,423584,12495,468661,Included
2026-07-04T11:57:44.499Z,,,Included,auto,No,0,22941,55552,2716,81209,Included
2026-07-04T11:57:40.950Z,,,Included,auto,No,0,20232,69664,4683,94579,Included
